vendor,category,target_segment,pricing_signal,key_strength,key_weakness,what_to_adopt,what_to_avoid
GoHighLevel,Horizontal CRM/Automation,SMB agencies,Mid to high monthly,"Workflow automation, funnel + messaging orchestration","Steep learning curve for local business owners","Action-first automation builder, campaign templates","Too many generic menus"
Phorest,Salon CRM,Salon and beauty chains,Mid to high monthly,"Salon-specific workflows, retention journeys, loyalty","Heavier setup for small shops","Beauty vertical defaults, repeat visit automation","Complex onboarding"
Vagaro,Salon/Wellness,Solo to multi-location salons,Low to mid monthly,"Marketplace + booking + POS mix","Feature sprawl can confuse","Fast online booking + SMB friendly packaging","Overloaded UI"
Zenoti,Enterprise salon/spa,Mid-market and enterprise,High monthly,"Deep operations, enterprise reporting, staffing controls","Too enterprise for micro SMB","Advanced staffing and utilization logic","Enterprise-first complexity"
Boulevard,Premium salon/spa,Premium SMB to multi-location,Mid to high monthly,"Polished UX, customer communication quality","Limited breadth outside vertical","Premium client journey, strong UX quality","Narrow extensibility outside niche"
Fresha,Salon marketplace,Micro SMB salons,Low entry / commission,"Fast adoption and discovery channel","Marketplace dependency and policy risk","Low friction onboarding","Dependency on external marketplace"
Shopmonkey,Auto repair,Independent and multi-shop auto service,Mid monthly,"Job card flow, parts + workflow alignment","Niche specific and less reusable across sectors","Vehicle/job card domain model","Overfitting entire product to one niche"
ServiceTitan,Field service enterprise,Mid-market to enterprise,High monthly,"Dispatch + revenue + ops integration","Heavy and expensive for SMB","Revenue + operations linkage depth","Enterprise overhead"
Jobber,Field service SMB,SMB service businesses,Mid monthly,"Simple scheduling + invoicing + reminders","Limited deep vertical behavior","Simple SMB UX and quick setup","Shallow sector customization"
Housecall Pro,Field service SMB,SMB home services,Mid monthly,"Mobile-first field workflows","Generic CRM depth","Mobile-first operator flows","Generic data model for specialized clinics"
Shopify POS,Ecommerce + POS,Retail and omni-channel,Mid monthly + apps,"Payments + commerce integration ecosystem","Not local-service-first","Strong payment and transaction primitives","Forcing ecommerce paradigm on service sectors"
Klaviyo,Retention automation,Ecommerce and DTC,Usage-based,"Segmentation + campaign intelligence","Needs data maturity, not built for appointment ops","Lifecycle segmentation patterns","Over-automation without operational context"
Twenty,Open-source CRM,Teams needing custom CRM,OSS/self-host,"Flexible schema and modern architecture","Needs implementation effort","Composable CRM concepts and extensibility","Shipping raw OSS UX to SMB owners"
Odoo,ERP suite,SMB to enterprise,Modular paid apps,"Breadth: accounting, CRM, ERP","Can be bloated and complex","Integration mindset across functions","ERP-level complexity in SMB panel"
EspoCRM,Open-source CRM,Cost-sensitive teams,OSS/self-host,"Custom entities, workflow support","UI and DX can require tuning","Entity customization capabilities","Manual-heavy admin burden"
SuiteCRM,Open-source CRM,Legacy CRM users,OSS/self-host,"Mature CRM baseline","Legacy UX and heavier maintenance","Proven CRM data model concepts","Legacy UX patterns"
